location_id,station_id,route_name,latitude,longitude,county,city,aadt,measurement_year,traffic_volume_category,highway_type,functional_class,urban_rural,lane_count,median_type,access_control,truck_percentage,peak_hour_factor,directional_split,data_source,data_collection_date,data_quality_score
31151,31151,,43.55969096081367,-89.77824508891062,Sauk,,0,2025,Low,Local,,,,,,,,,WisDOT,2025-06-26 21:01:44.746417,50.0
31152,31152,,43.559972888323145,-89.78265154960762,Sauk,,0,2025,Low,Local,,,,,,,,,WisDOT,2025-06-26 21:01:44.746509,50.0
31153,31153,,43.5572103930096,-89.77876266336418,Sauk,,0,2025,Low,Local,,,,,,,,,WisDOT,2025-06-26 21:01:44.746527,50.0
31154,31154,,43.55694810467713,-89.78088526136175,Sauk,,0,2025,Low,Local,,,,,,,,,WisDOT,2025-06-26 21:01:44.746543,50.0
31155,31155,,43.55756876407199,-89.7820395591473,Sauk,,0,2025,Low,Local,,,,,,,,,WisDOT,2025-06-26 21:01:44.746555,50.0
31156,31156,,43.73996003484302,-88.42004629609045,Fond Du Lac,,0,2025,Low,Local,,,,,,,,,WisDOT,2025-06-26 21:01:44.746566,50.0
31166,31166,,43.11186351421426,-87.95082672143116,Milwaukee,,0,2025,Low,Local,,,,,,,,,WisDOT,2025-06-26 21:01:44.746577,50.0
31167,31167,,43.11184972130833,-87.94943104601485,Milwaukee,,0,2025,Low,Local,,,,,,,,,WisDOT,2025-06-26 21:01:44.746587,50.0
31169,31169,,43.10571312561271,-87.931478861357,Milwaukee,,0,2025,Low,Local,,,,,,,,,WisDOT,2025-06-26 21:01:44.746596,50.0
31170,31170,,43.09254744184362,-87.9247389353423,Milwaukee,,0,2025,Low,Local,,,,,,,,,WisDOT,2025-06-26 21:01:44.746605,50.0
31171,31171,,43.08916380042164,-87.90609797263691,Milwaukee,,0,2025,Low,Local,,,,,,,,,WisDOT,2025-06-26 21:01:44.746615,50.0
31172,31172,,43.08811807708789,-87.90484357379303,Milwaukee,,0,2025,Low,Local,,,,,,,,,WisDOT,2025-06-26 21:01:44.746628,50.0
31173,31173,,43.08361474099545,-87.92112834820264,Milwaukee,,0,2025,Low,Local,,,,,,,,,WisDOT,2025-06-26 21:01:44.746638,50.0
31174,31174,,43.08163502517002,-87.92181756702885,Milwaukee,,0,2025,Low,Local,,,,,,,,,WisDOT,2025-06-26 21:01:44.746647,50.0
31175,31175,,43.08209907141289,-87.91924715510899,Milwaukee,,0,2025,Low,Local,,,,,,,,,WisDOT,2025-06-26 21:01:44.746656,50.0
31176,31176,,43.08210143034671,-87.91657281431576,Milwaukee,,0,2025,Low,Local,,,,,,,,,WisDOT,2025-06-26 21:01:44.746665,50.0
31178,31178,,44.81463372902416,-91.50073074094855,Eau Claire,,0,2025,Low,Local,,,,,,,,,WisDOT,2025-06-26 21:01:44.746675,50.0
31179,31179,,44.814764068583045,-91.49968612681126,Eau Claire,,0,2025,Low,Local,,,,,,,,,WisDOT,2025-06-26 21:01:44.746684,50.0
31182,31182,,44.81478719221831,-91.49399501524468,Eau Claire,,0,2025,Low,Local,,,,,,,,,WisDOT,2025-06-26 21:01:44.746696,50.0
31183,31183,,44.81607733161489,-91.50043470370866,Eau Claire,,0,2025,Low,Local,,,,,,,,,WisDOT,2025-06-26 21:01:44.746707,50.0
31184,31184,,44.81587170262871,-91.50173374871866,Eau Claire,,0,2025,Low,Local,,,,,,,,,WisDOT,2025-06-26 21:01:44.746721,50.0
31185,31185,,44.816476051387504,-91.50136786147924,Eau Claire,,0,2025,Low,Local,,,,,,,,,WisDOT,2025-06-26 21:01:44.746744,50.0
31186,31186,,44.81629637752401,-91.50276788105927,Eau Claire,,0,2025,Low,Local,,,,,,,,,WisDOT,2025-06-26 21:01:44.746761,50.0
31187,31187,,44.82045036043561,-91.49863820776125,Eau Claire,,0,2025,Low,Local,,,,,,,,,WisDOT,2025-06-26 21:01:44.746779,50.0
31188,31188,,44.82046210774051,-91.49626119098978,Eau Claire,,0,2025,Low,Local,,,,,,,,,WisDOT,2025-06-26 21:01:44.746794,50.0
31190,31190,,44.82047992646671,-91.49356079600726,Eau Claire,,0,2025,Low,Local,,,,,,,,,WisDOT,2025-06-26 21:01:44.746803,50.0
31192,31192,,44.815581738654764,-91.50995917951501,Eau Claire,,0,2025,Low,Local,,,,,,,,,WisDOT,2025-06-26 21:01:44.746813,50.0
31195,31195,,44.818324171353886,-91.51012217499003,Eau Claire,,0,2025,Low,Local,,,,,,,,,WisDOT,2025-06-26 21:01:44.746827,50.0
31196,31196,,44.818283983120416,-91.51186246926994,Eau Claire,,0,2025,Low,Local,,,,,,,,,WisDOT,2025-06-26 21:01:44.746837,50.0
31198,31198,,44.819039244182086,-91.5157439686895,Eau Claire,,0,2025,Low,Local,,,,,,,,,WisDOT,2025-06-26 21:01:44.746846,50.0
31200,31200,,44.80745648960332,-91.50977660170965,Eau Claire,,0,2025,Low,Local,,,,,,,,,WisDOT,2025-06-26 21:01:44.746857,50.0
31201,31201,,44.80539460134,-91.50977218577569,Eau Claire,,0,2025,Low,Local,,,,,,,,,WisDOT,2025-06-26 21:01:44.746866,50.0
31202,31202,,45.38379350103873,-88.82092927527601,Forest,,0,2025,Low,Local,,,,,,,,,WisDOT,2025-06-26 21:01:44.746875,50.0
31203,31203,,45.479574719226626,-88.82221997336683,Forest,,0,2025,Low,Local,,,,,,,,,WisDOT,2025-06-26 21:01:44.746884,50.0
31204,31204,,45.476810216098734,-88.83935599682296,Forest,,0,2025,Low,Local,,,,,,,,,WisDOT,2025-06-26 21:01:44.746897,50.0
31205,31205,,45.452669473787395,-88.67587214183189,Forest,,0,2025,Low,Local,,,,,,,,,WisDOT,2025-06-26 21:01:44.746906,50.0
31206,31206,,45.44053870714267,-88.67013551697688,Forest,,0,2025,Low,Local,,,,,,,,,WisDOT,2025-06-26 21:01:44.746914,50.0
31207,31207,,45.437377415387424,-88.61837384274692,Forest,,0,2025,Low,Local,,,,,,,,,WisDOT,2025-06-26 21:01:44.746923,50.0
31208,31208,,45.482083923659296,-88.94479971060935,Forest,,0,2025,Low,Local,,,,,,,,,WisDOT,2025-06-26 21:01:44.746932,50.0
31209,31209,,45.47918573588517,-89.00608482982403,Forest,,0,2025,Low,Local,,,,,,,,,WisDOT,2025-06-26 21:01:44.746941,50.0
31211,31211,,42.795982670154125,-88.38602992592264,Walworth,,0,2025,Low,Local,,,,,,,,,WisDOT,2025-06-26 21:01:44.746949,50.0
31212,31212,,42.78547595767042,-88.40984034249479,Walworth,,0,2025,Low,Local,,,,,,,,,WisDOT,2025-06-26 21:01:44.746958,50.0
31213,31213,,42.78583358571979,-88.40591981813091,Walworth,,0,2025,Low,Local,,,,,,,,,WisDOT,2025-06-26 21:01:44.746970,50.0
31214,31214,,42.78538151020182,-88.40492613814433,Walworth,,0,2025,Low,Local,,,,,,,,,WisDOT,2025-06-26 21:01:44.746978,50.0
31215,31215,,42.78064798579134,-88.4254248211319,Walworth,,0,2025,Low,Local,,,,,,,,,WisDOT,2025-06-26 21:01:44.746987,50.0
31216,31216,,42.90838986493632,-88.18465142273487,Waukesha,,0,2025,Low,Local,,,,,,,,,WisDOT,2025-06-26 21:01:44.746996,50.0
31217,31217,,42.59511109415435,-88.40136847345845,Walworth,,0,2025,Low,Local,,,,,,,,,WisDOT,2025-06-26 21:01:44.747005,50.0
31218,31218,,42.59243818914869,-88.43867142842714,Walworth,,0,2025,Low,Local,,,,,,,,,WisDOT,2025-06-26 21:01:44.747013,50.0
31219,31219,,42.606835245609965,-88.42571260949606,Walworth,,0,2025,Low,Local,,,,,,,,,WisDOT,2025-06-26 21:01:44.747024,50.0
31220,31220,,42.59134593691444,-88.45297832933281,Walworth,,0,2025,Low,Local,,,,,,,,,WisDOT,2025-06-26 21:01:44.747033,50.0
31221,31221,,42.5845894945592,-88.54095508807627,Walworth,,0,2025,Low,Local,,,,,,,,,WisDOT,2025-06-26 21:01:44.747044,50.0
31222,31222,,42.57789080232908,-88.54127291225787,Walworth,,0,2025,Low,Local,,,,,,,,,WisDOT,2025-06-26 21:01:44.747052,50.0
31223,31223,,42.57464324348643,-88.56151702061335,Walworth,,0,2025,Low,Local,,,,,,,,,WisDOT,2025-06-26 21:01:44.747061,50.0
31224,31224,,42.66935376031166,-88.513029755754,Walworth,,0,2025,Low,Local,,,,,,,,,WisDOT,2025-06-26 21:01:44.747070,50.0
31225,31225,,42.66996908955216,-88.52205963228242,Walworth,,0,2025,Low,Local,,,,,,,,,WisDOT,2025-06-26 21:01:44.747083,50.0
31226,31226,,42.65979738728327,-88.54125196175916,Walworth,,0,2025,Low,Local,,,,,,,,,WisDOT,2025-06-26 21:01:44.747092,50.0
31227,31227,,42.67019788241943,-88.53871919545222,Walworth,,0,2025,Low,Local,,,,,,,,,WisDOT,2025-06-26 21:01:44.747101,50.0
31228,31228,,42.66938723152979,-88.54121591145059,Walworth,,0,2025,Low,Local,,,,,,,,,WisDOT,2025-06-26 21:01:44.747115,50.0
31229,31229,,42.67026924432706,-88.54038752066091,Walworth,,0,2025,Low,Local,,,,,,,,,WisDOT,2025-06-26 21:01:44.747124,50.0
31230,31230,,42.66966107665078,-88.54347876138453,Walworth,,0,2025,Low,Local,,,,,,,,,WisDOT,2025-06-26 21:01:44.747152,50.0
31231,31231,,42.67102945368408,-88.54121049793157,Walworth,,0,2025,Low,Local,,,,,,,,,WisDOT,2025-06-26 21:01:44.747164,50.0
31232,31232,,42.67104455873254,-88.539473239471,Walworth,,0,2025,Low,Local,,,,,,,,,WisDOT,2025-06-26 21:01:44.747173,50.0
31233,31233,,42.67190341630631,-88.54281209934913,Walworth,,0,2025,Low,Local,,,,,,,,,WisDOT,2025-06-26 21:01:44.747185,50.0
31234,31234,,42.67189397577143,-88.54415182586169,Walworth,,0,2025,Low,Local,,,,,,,,,WisDOT,2025-06-26 21:01:44.747193,50.0
31235,31235,,42.67184572471772,-88.54702301952575,Walworth,,0,2025,Low,Local,,,,,,,,,WisDOT,2025-06-26 21:01:44.747204,50.0
31236,31236,,42.67270994792369,-88.53942732975916,Walworth,,0,2025,Low,Local,,,,,,,,,WisDOT,2025-06-26 21:01:44.747213,50.0
31237,31237,,42.67283992163296,-88.54123894249247,Walworth,,0,2025,Low,Local,,,,,,,,,WisDOT,2025-06-26 21:01:44.747224,50.0
31238,31238,,42.67425159757981,-88.54356437089663,Walworth,,0,2025,Low,Local,,,,,,,,,WisDOT,2025-06-26 21:01:44.747233,50.0
31239,31239,,42.675036541181534,-88.54413738188968,Walworth,,0,2025,Low,Local,,,,,,,,,WisDOT,2025-06-26 21:01:44.747241,50.0
31240,31240,,42.674522365625414,-88.54616304401009,Walworth,,0,2025,Low,Local,,,,,,,,,WisDOT,2025-06-26 21:01:44.747250,50.0
31241,31241,,42.6761221518301,-88.54619501399677,Walworth,,0,2025,Low,Local,,,,,,,,,WisDOT,2025-06-26 21:01:44.747259,50.0
31243,31243,,42.6858201173728,-88.54146468967444,Walworth,,0,2025,Low,Local,,,,,,,,,WisDOT,2025-06-26 21:01:44.747267,50.0
31244,31244,,42.687665928366314,-88.52175214102773,Walworth,,0,2025,Low,Local,,,,,,,,,WisDOT,2025-06-26 21:01:44.747276,50.0
31245,31245,,42.73233098133201,-87.80308425690376,Racine,,0,2025,Low,Local,,,,,,,,,WisDOT,2025-06-26 21:01:44.747287,50.0
31246,31246,,42.73550355534239,-87.7951219067579,Racine,,0,2025,Low,Local,,,,,,,,,WisDOT,2025-06-26 21:01:44.747296,50.0
31247,31247,,42.739997199757724,-87.79547976967861,Racine,,0,2025,Low,Local,,,,,,,,,WisDOT,2025-06-26 21:01:44.747305,50.0
31248,31248,,42.73893583421654,-87.79288444429135,Racine,,0,2025,Low,Local,,,,,,,,,WisDOT,2025-06-26 21:01:44.747314,50.0
31249,31249,,42.74089803247948,-87.80024110509797,Racine,,0,2025,Low,Local,,,,,,,,,WisDOT,2025-06-26 21:01:44.747324,50.0
31250,31250,,42.742294838565996,-87.7992361958502,Racine,,0,2025,Low,Local,,,,,,,,,WisDOT,2025-06-26 21:01:44.747332,50.0
31251,31251,,42.74229927388366,-87.80088585010346,Racine,,0,2025,Low,Local,,,,,,,,,WisDOT,2025-06-26 21:01:44.747341,50.0
31252,31252,,42.74425530229614,-87.79899229426226,Racine,,0,2025,Low,Local,,,,,,,,,WisDOT,2025-06-26 21:01:44.747350,50.0
31253,31253,,42.74503310368346,-87.8011635844921,Racine,,0,2025,Low,Local,,,,,,,,,WisDOT,2025-06-26 21:01:44.747361,50.0
31254,31254,,42.74577239485968,-87.80421635524755,Racine,,0,2025,Low,Local,,,,,,,,,WisDOT,2025-06-26 21:01:44.747369,50.0
31255,31255,,42.74683243151038,-87.8060000783913,Racine,,0,2025,Low,Local,,,,,,,,,WisDOT,2025-06-26 21:01:44.747378,50.0
31256,31256,,42.747768096574625,-87.80615396531434,Racine,,0,2025,Low,Local,,,,,,,,,WisDOT,2025-06-26 21:01:44.747388,50.0
31257,31257,,42.74574514987739,-87.79954521924611,Racine,,0,2025,Low,Local,,,,,,,,,WisDOT,2025-06-26 21:01:44.747397,50.0
31258,31258,,42.74661510189269,-87.80045615215649,Racine,,0,2025,Low,Local,,,,,,,,,WisDOT,2025-06-26 21:01:44.747408,50.0
31259,31259,,42.7355656171635,-87.78551623048625,Racine,,0,2025,Low,Local,,,,,,,,,WisDOT,2025-06-26 21:01:44.747417,50.0
31260,31260,,42.73391672240562,-87.78459915002888,Racine,,0,2025,Low,Local,,,,,,,,,WisDOT,2025-06-26 21:01:44.747425,50.0
31261,31261,,42.73855647886107,-87.79118829270263,Racine,,0,2025,Low,Local,,,,,,,,,WisDOT,2025-06-26 21:01:44.747436,50.0
31262,31262,,42.74103200781054,-87.79170347746677,Racine,,0,2025,Low,Local,,,,,,,,,WisDOT,2025-06-26 21:01:44.747445,50.0
31263,31263,,42.74123836440365,-87.78482083739125,Racine,,0,2025,Low,Local,,,,,,,,,WisDOT,2025-06-26 21:01:44.747453,50.0
31264,31264,,42.74235387191439,-87.78547105006682,Racine,,0,2025,Low,Local,,,,,,,,,WisDOT,2025-06-26 21:01:44.747464,50.0
31265,31265,,42.74295656913879,-87.78703214912169,Racine,,0,2025,Low,Local,,,,,,,,,WisDOT,2025-06-26 21:01:44.747473,50.0
31266,31266,,42.74537282461678,-87.78485651370339,Racine,,0,2025,Low,Local,,,,,,,,,WisDOT,2025-06-26 21:01:44.747481,50.0
31267,31267,,42.74582712817155,-87.78544685438017,Racine,,0,2025,Low,Local,,,,,,,,,WisDOT,2025-06-26 21:01:44.747494,50.0
31268,31268,,42.74680875307773,-87.78486855355628,Racine,,0,2025,Low,Local,,,,,,,,,WisDOT,2025-06-26 21:01:44.747506,50.0
31269,31269,,42.74876146036603,-87.78707972782857,Racine,,0,2025,Low,Local,,,,,,,,,WisDOT,2025-06-26 21:01:44.747514,50.0
31270,31270,,42.746791300292216,-87.78706513456693,Racine,,0,2025,Low,Local,,,,,,,,,WisDOT,2025-06-26 21:01:44.747522,50.0
31271,31271,,42.74673287779952,-87.7917661400233,Racine,,0,2025,Low,Local,,,,,,,,,WisDOT,2025-06-26 21:01:44.747533,50.0
31272,31272,,42.748297549060325,-87.79198449373808,Racine,,0,2025,Low,Local,,,,,,,,,WisDOT,2025-06-26 21:01:44.747542,50.0
31273,31273,,42.742310926954794,-87.79347844011399,Racine,,0,2025,Low,Local,,,,,,,,,WisDOT,2025-06-26 21:01:44.747550,50.0
31274,31274,,42.74395764288976,-87.79629015024015,Racine,,0,2025,Low,Local,,,,,,,,,WisDOT,2025-06-26 21:01:44.747561,50.0
31275,31275,,42.74650952125587,-87.79789983163838,Racine,,0,2025,Low,Local,,,,,,,,,WisDOT,2025-06-26 21:01:44.747569,50.0
31276,31276,,42.75632228503143,-87.78319334199503,Racine,,0,2025,Low,Local,,,,,,,,,WisDOT,2025-06-26 21:01:44.747580,50.0
31277,31277,,42.75549799173725,-87.78528125224608,Racine,,0,2025,Low,Local,,,,,,,,,WisDOT,2025-06-26 21:01:44.747589,50.0
31278,31278,,43.53097956882734,-89.78640198120436,Sauk,,0,2025,Low,Local,,,,,,,,,WisDOT,2025-06-26 21:01:44.747597,50.0
31279,31279,,43.53052612164268,-89.78780412147901,Sauk,,0,2025,Low,Local,,,,,,,,,WisDOT,2025-06-26 21:01:44.747606,50.0
31280,31280,,43.53242706419759,-89.78304318974922,Sauk,,0,2025,Low,Local,,,,,,,,,WisDOT,2025-06-26 21:01:44.747615,50.0
31281,31281,,43.5325453181824,-89.79067066161711,Sauk,,0,2025,Low,Local,,,,,,,,,WisDOT,2025-06-26 21:01:44.747624,50.0
31282,31282,,43.5157353615401,-89.78535859132404,Sauk,,0,2025,Low,Local,,,,,,,,,WisDOT,2025-06-26 21:01:44.747632,50.0
31283,31283,,43.51609141789387,-89.78396561332684,Sauk,,0,2025,Low,Local,,,,,,,,,WisDOT,2025-06-26 21:01:44.747641,50.0
31284,31284,,43.5130489472648,-89.78292383476013,Sauk,,0,2025,Low,Local,,,,,,,,,WisDOT,2025-06-26 21:01:44.747654,50.0
31285,31285,,43.513297036850645,-89.78472703815973,Sauk,,0,2025,Low,Local,,,,,,,,,WisDOT,2025-06-26 21:01:44.747662,50.0
31286,31286,,43.33048291899323,-88.73493387815512,Dodge,,0,2025,Low,Local,,,,,,,,,WisDOT,2025-06-26 21:01:44.747671,50.0
31287,31287,,43.008640786265794,-89.3839031157876,Dane,,0,2025,Low,Local,,,,,,,,,WisDOT,2025-06-26 21:01:44.747679,50.0
31288,31288,,43.008865969700224,-89.38176285923574,Dane,,0,2025,Low,Local,,,,,,,,,WisDOT,2025-06-26 21:01:44.747688,50.0
31289,31289,,43.010497697698966,-89.38157064150862,Dane,,0,2025,Low,Local,,,,,,,,,WisDOT,2025-06-26 21:01:44.747696,50.0
31290,31290,,43.01146729423163,-89.38340940347177,Dane,,0,2025,Low,Local,,,,,,,,,WisDOT,2025-06-26 21:01:44.747704,50.0
31291,31291,,42.601059027267276,-89.65166574089226,Green,,0,2025,Low,Local,,,,,,,,,WisDOT,2025-06-26 21:01:44.747713,50.0
31293,31293,,46.66913855243467,-92.10439375680807,Douglas,,0,2025,Low,Local,,,,,,,,,WisDOT,2025-06-26 21:01:44.747726,50.0
31296,31296,,43.50759812770263,-89.78180652159837,Sauk,,0,2025,Low,Local,,,,,,,,,WisDOT,2025-06-26 21:01:44.747738,50.0
31306,31306,,44.46607284653342,-87.90802336932066,Brown,,0,2025,Low,Local,,,,,,,,,WisDOT,2025-06-26 21:01:44.747747,50.0
31307,31307,,43.141301232561965,-88.28993172981112,Waukesha,,0,2025,Low,Local,,,,,,,,,WisDOT,2025-06-26 21:01:44.747755,50.0
31308,31308,,43.139840536860504,-88.29684348154665,Waukesha,,0,2025,Low,Local,,,,,,,,,WisDOT,2025-06-26 21:01:44.747764,50.0
31309,31309,,43.13990310823212,-88.29355330529428,Waukesha,,0,2025,Low,Local,,,,,,,,,WisDOT,2025-06-26 21:01:44.747773,50.0
31310,31310,,43.11960414313804,-88.25067538132878,Waukesha,,0,2025,Low,Local,,,,,,,,,WisDOT,2025-06-26 21:01:44.747784,50.0
31311,31311,,44.416402189538616,-89.79735455478941,Wood,,0,2025,Low,Local,,,,,,,,,WisDOT,2025-06-26 21:01:44.747794,50.0
31312,31312,,44.442106472532465,-92.14877371641177,Pepin,,0,2025,Low,Local,,,,,,,,,WisDOT,2025-06-26 21:01:44.747803,50.0
31313,31313,,44.51701006742966,-87.98560097494983,Brown,,0,2025,Low,Local,,,,,,,,,WisDOT,2025-06-26 21:01:44.747812,50.0
31314,31314,,42.703814642437436,-87.81167219998302,Racine,,0,2025,Low,Local,,,,,,,,,WisDOT,2025-06-26 21:01:44.747821,50.0
31315,31315,,44.55107768508788,-89.58108903392905,Portage,,0,2025,Low,Local,,,,,,,,,WisDOT,2025-06-26 21:01:44.747830,50.0
31316,31316,,44.522929226408024,-89.58228190013976,Portage,,0,2025,Low,Local,,,,,,,,,WisDOT,2025-06-26 21:01:44.747838,50.0
31317,31317,,44.49162602153091,-89.55199784828177,Portage,,0,2025,Low,Local,,,,,,,,,WisDOT,2025-06-26 21:01:44.747847,50.0
31319,31319,,43.967410100880166,-88.95245487645983,Green Lake,,0,2025,Low,Local,,,,,,,,,WisDOT,2025-06-26 21:01:44.747856,50.0
31321,31321,,43.967072884214296,-88.94926652681372,Green Lake,,0,2025,Low,Local,,,,,,,,,WisDOT,2025-06-26 21:01:44.747866,50.0
31322,31322,,43.966511001139764,-88.9484077406352,Green Lake,,0,2025,Low,Local,,,,,,,,,WisDOT,2025-06-26 21:01:44.747875,50.0
31323,31323,,42.63916234563002,-88.62571873909701,Walworth,,0,2025,Low,Local,,,,,,,,,WisDOT,2025-06-26 21:01:44.747886,50.0
31325,31325,,42.62865045309035,-88.63760702819819,Walworth,,0,2025,Low,Local,,,,,,,,,WisDOT,2025-06-26 21:01:44.747897,50.0
31326,31326,,44.59146807755191,-88.04243908970648,Brown,,0,2025,Low,Local,,,,,,,,,WisDOT,2025-06-26 21:01:44.747906,50.0
31327,31327,,44.531232830182894,-88.09217494159243,Brown,,0,2025,Low,Local,,,,,,,,,WisDOT,2025-06-26 21:01:44.747914,50.0
31328,31328,,44.50751479334233,-87.99688532557121,Brown,,0,2025,Low,Local,,,,,,,,,WisDOT,2025-06-26 21:01:44.747923,50.0
31329,31329,,44.506416964982336,-87.969913674093,Brown,,0,2025,Low,Local,,,,,,,,,WisDOT,2025-06-26 21:01:44.747932,50.0
31330,31330,,44.479142824173685,-88.05482755987849,Brown,,0,2025,Low,Local,,,,,,,,,WisDOT,2025-06-26 21:01:44.747943,50.0
31331,31331,,44.21390611692927,-88.29278702952128,Calumet,,0,2025,Low,Local,,,,,,,,,WisDOT,2025-06-26 21:01:44.747951,50.0
31332,31332,,44.90648078020814,-91.32231317228869,Chippewa,,0,2025,Low,Local,,,,,,,,,WisDOT,2025-06-26 21:01:44.747960,50.0
31333,31333,,44.928524057016034,-91.38251476336895,Chippewa,,0,2025,Low,Local,,,,,,,,,WisDOT,2025-06-26 21:01:44.747969,50.0
31334,31334,,43.34210801690569,-89.01949806651749,Columbia,,0,2025,Low,Local,,,,,,,,,WisDOT,2025-06-26 21:01:44.747977,50.0
31335,31335,,43.09021193507336,-87.93914201892899,Milwaukee,,0,2025,Low,Local,,,,,,,,,WisDOT,2025-06-26 21:01:44.747986,50.0
31336,31336,,43.08974406638213,-87.9403861507468,Milwaukee,,0,2025,Low,Local,,,,,,,,,WisDOT,2025-06-26 21:01:44.747997,50.0
31338,31338,,43.094006839588424,-87.9411941928364,Milwaukee,,0,2025,Low,Local,,,,,,,,,WisDOT,2025-06-26 21:01:44.748005,50.0
31339,31339,,43.08974216614454,-87.94748632075394,Milwaukee,,0,2025,Low,Local,,,,,,,,,WisDOT,2025-06-26 21:01:44.748016,50.0
31340,31340,,43.090755521413065,-87.94698962139385,Milwaukee,,0,2025,Low,Local,,,,,,,,,WisDOT,2025-06-26 21:01:44.748024,50.0
31341,31341,,43.08895106017132,-87.95194062595263,Milwaukee,,0,2025,Low,Local,,,,,,,,,WisDOT,2025-06-26 21:01:44.748033,50.0
31342,31342,,43.09069013023532,-87.95250725390298,Milwaukee,,0,2025,Low,Local,,,,,,,,,WisDOT,2025-06-26 21:01:44.748041,50.0
31343,31343,,43.09611910583026,-87.94686005392494,Milwaukee,,0,2025,Low,Local,,,,,,,,,WisDOT,2025-06-26 21:01:44.748052,50.0
31345,31345,,42.66275545729359,-88.57337911223462,Walworth,,0,2025,Low,Local,,,,,,,,,WisDOT,2025-06-26 21:01:44.748076,50.0
31346,31346,,42.61936358494666,-88.50360523483076,Walworth,,0,2025,Low,Local,,,,,,,,,WisDOT,2025-06-26 21:01:44.748085,50.0
31347,31347,,42.591708634410814,-88.53359378988634,Walworth,,0,2025,Low,Local,,,,,,,,,WisDOT,2025-06-26 21:01:44.748096,50.0
31348,31348,,42.61166694818346,-88.5407979905446,Walworth,,0,2025,Low,Local,,,,,,,,,WisDOT,2025-06-26 21:01:44.748104,50.0
31349,31349,,42.60639614342574,-88.55462703166208,Walworth,,0,2025,Low,Local,,,,,,,,,WisDOT,2025-06-26 21:01:44.748113,50.0
31350,31350,,42.59741616334881,-88.5706094221288,Walworth,,0,2025,Low,Local,,,,,,,,,WisDOT,2025-06-26 21:01:44.748121,50.0
31351,31351,,42.60985730804591,-88.58021028122369,Walworth,,0,2025,Low,Local,,,,,,,,,WisDOT,2025-06-26 21:01:44.748129,50.0
31352,31352,,42.62115854886238,-88.58282296207247,Walworth,,0,2025,Low,Local,,,,,,,,,WisDOT,2025-06-26 21:01:44.748151,50.0
31353,31353,,42.63409846477516,-88.59026813301439,Walworth,,0,2025,Low,Local,,,,,,,,,WisDOT,2025-06-26 21:01:44.748161,50.0
31354,31354,,42.61980545390931,-88.6097384027495,Walworth,,0,2025,Low,Local,,,,,,,,,WisDOT,2025-06-26 21:01:44.748169,50.0
31355,31355,,45.605274463288424,-89.32426000702138,Oneida,,0,2025,Low,Local,,,,,,,,,WisDOT,2025-06-26 21:01:44.748183,50.0
31356,31356,,45.63314233073772,-89.37138849714633,Oneida,,0,2025,Low,Local,,,,,,,,,WisDOT,2025-06-26 21:01:44.748191,50.0
31357,31357,,45.66114370915799,-89.3231580895087,Oneida,,0,2025,Low,Local,,,,,,,,,WisDOT,2025-06-26 21:01:44.748200,50.0
31358,31358,,45.66824691753081,-89.4227842360649,Oneida,,0,2025,Low,Local,,,,,,,,,WisDOT,2025-06-26 21:01:44.748209,50.0
31359,31359,,45.652092785065534,-89.38172043669337,Oneida,,0,2025,Low,Local,,,,,,,,,WisDOT,2025-06-26 21:01:44.748217,50.0
31360,31360,,45.6589110081236,-89.37657243379616,Oneida,,0,2025,Low,Local,,,,,,,,,WisDOT,2025-06-26 21:01:44.748226,50.0
31361,31361,,45.651881219836014,-89.46228805544048,Oneida,,0,2025,Low,Local,,,,,,,,,WisDOT,2025-06-26 21:01:44.748234,50.0
31362,31362,,45.674021080634326,-89.47523820884433,Oneida,,0,2025,Low,Local,,,,,,,,,WisDOT,2025-06-26 21:01:44.748243,50.0
31363,31363,,45.68242235692941,-89.38617254122698,Oneida,,0,2025,Low,Local,,,,,,,,,WisDOT,2025-06-26 21:01:44.748256,50.0
31364,31364,,45.71728362088893,-89.34782597985225,Oneida,,0,2025,Low,Local,,,,,,,,,WisDOT,2025-06-26 21:01:44.748265,50.0
31365,31365,,45.82475102575811,-89.06721999032992,Oneida,,0,2025,Low,Local,,,,,,,,,WisDOT,2025-06-26 21:01:44.748273,50.0
31366,31366,,45.805461500329905,-89.57562503571637,Oneida,,0,2025,Low,Local,,,,,,,,,WisDOT,2025-06-26 21:01:44.748282,50.0
31367,31367,,45.83208331101452,-89.72284604642309,Oneida,,0,2025,Low,Local,,,,,,,,,WisDOT,2025-06-26 21:01:44.748291,50.0
31368,31368,,45.76642854331335,-89.67346678100435,Oneida,,0,2025,Low,Local,,,,,,,,,WisDOT,2025-06-26 21:01:44.748299,50.0
31375,31375,,43.740265881068076,-88.41130963453068,Fond Du Lac,,0,2025,Low,Local,,,,,,,,,WisDOT,2025-06-26 21:01:44.748308,50.0
31376,31376,,42.61746057762332,-89.52315388071672,Green,,0,2025,Low,Local,,,,,,,,,WisDOT,2025-06-26 21:01:44.748317,50.0
31377,31377,,42.75549844515094,-87.78801146369457,Racine,,0,2025,Low,Local,,,,,,,,,WisDOT,2025-06-26 21:01:44.748328,50.0
31379,31379,,42.76004108781627,-87.78719812161924,Racine,,0,2025,Low,Local,,,,,,,,,WisDOT,2025-06-26 21:01:44.748336,50.0
31381,31381,,42.77000943600772,-87.79302323353997,Racine,,0,2025,Low,Local,,,,,,,,,WisDOT,2025-06-26 21:01:44.748345,50.0
31382,31382,,44.5047291574988,-88.01102726467525,Brown,,0,2025,Low,Local,,,,,,,,,WisDOT,2025-06-26 21:01:44.748353,50.0
31383,31383,,44.507480052155394,-88.00680017810252,Brown,,0,2025,Low,Local,,,,,,,,,WisDOT,2025-06-26 21:01:44.748362,50.0
31384,31384,,44.50130774689746,-88.00137346838409,Brown,,0,2025,Low,Local,,,,,,,,,WisDOT,2025-06-26 21:01:44.748372,50.0
31385,31385,,44.498256293840136,-88.00106398270009,Brown,,0,2025,Low,Local,,,,,,,,,WisDOT,2025-06-26 21:01:44.748383,50.0
31386,31386,,44.493757653412466,-88.00805617786693,Brown,,0,2025,Low,Local,,,,,,,,,WisDOT,2025-06-26 21:01:44.748394,50.0
31387,31387,,44.496864598278044,-88.0168587425048,Brown,,0,2025,Low,Local,,,,,,,,,WisDOT,2025-06-26 21:01:44.748405,50.0
31388,31388,,44.50170122935978,-88.01650695589707,Brown,,0,2025,Low,Local,,,,,,,,,WisDOT,2025-06-26 21:01:44.748414,50.0
31389,31389,,44.506058227254144,-87.99565430651995,Brown,,0,2025,Low,Local,,,,,,,,,WisDOT,2025-06-26 21:01:44.748424,50.0
31390,31390,,44.5098157527173,-87.9918703918713,Brown,,0,2025,Low,Local,,,,,,,,,WisDOT,2025-06-26 21:01:44.748433,50.0
31391,31391,,44.51057375926329,-87.99332945221548,Brown,,0,2025,Low,Local,,,,,,,,,WisDOT,2025-06-26 21:01:44.748442,50.0
31392,31392,,44.51294746815038,-87.99421285073561,Brown,,0,2025,Low,Local,,,,,,,,,WisDOT,2025-06-26 21:01:44.748452,50.0
31393,31393,,43.973403707917804,-90.47016161831527,Monroe,,0,2025,Low,Local,,,,,,,,,WisDOT,2025-06-26 21:01:44.748461,50.0
31394,31394,,43.97310955625303,-90.47324045608788,Monroe,,0,2025,Low,Local,,,,,,,,,WisDOT,2025-06-26 21:01:44.748471,50.0
31395,31395,,43.97275196827327,-90.40631771203766,Monroe,,0,2025,Low,Local,,,,,,,,,WisDOT,2025-06-26 21:01:44.748480,50.0
31396,31396,,43.95934531863757,-90.36768970821981,Monroe,,0,2025,Low,Local,,,,,,,,,WisDOT,2025-06-26 21:01:44.748488,50.0
31397,31397,,43.96154408243766,-90.37876331835324,Monroe,,0,2025,Low,Local,,,,,,,,,WisDOT,2025-06-26 21:01:44.748497,50.0
31398,31398,,44.54565833760033,-89.92581014258529,Wood,,0,2025,Low,Local,,,,,,,,,WisDOT,2025-06-26 21:01:44.748506,50.0
31399,31399,,44.488824334312774,-89.953709028327,Wood,,0,2025,Low,Local,,,,,,,,,WisDOT,2025-06-26 21:01:44.748514,50.0
31400,31400,,44.452747455395155,-90.00020426854634,Wood,,0,2025,Low,Local,,,,,,,,,WisDOT,2025-06-26 21:01:44.748523,50.0
31401,31401,,44.437172850017696,-89.93479328262073,Wood,,0,2025,Low,Local,,,,,,,,,WisDOT,2025-06-26 21:01:44.748532,50.0
31402,31402,,44.49608190625557,-89.81815844564252,Wood,,0,2025,Low,Local,,,,,,,,,WisDOT,2025-06-26 21:01:44.748542,50.0
31403,31403,,44.46038939897645,-89.74680042845306,Wood,,0,2025,Low,Local,,,,,,,,,WisDOT,2025-06-26 21:01:44.748551,50.0
31404,31404,,44.44780444491702,-89.8073585139763,Wood,,0,2025,Low,Local,,,,,,,,,WisDOT,2025-06-26 21:01:44.748559,50.0
31405,31405,,44.42855233109216,-89.81588558045675,Wood,,0,2025,Low,Local,,,,,,,,,WisDOT,2025-06-26 21:01:44.748568,50.0
31406,31406,,44.417300304313166,-89.75450087462593,Wood,,0,2025,Low,Local,,,,,,,,,WisDOT,2025-06-26 21:01:44.748576,50.0
31407,31407,,44.40907569586405,-89.91291362176776,Wood,,0,2025,Low,Local,,,,,,,,,WisDOT,2025-06-26 21:01:44.748586,50.0
31408,31408,,44.307512833263786,-89.9474746226829,Wood,,0,2025,Low,Local,,,,,,,,,WisDOT,2025-06-26 21:01:44.748595,50.0
31409,31409,,44.29899268113102,-89.88413050521078,Wood,,0,2025,Low,Local,,,,,,,,,WisDOT,2025-06-26 21:01:44.748603,50.0
31410,31410,,43.1196424649626,-88.27019258351866,Waukesha,,0,2025,Low,Local,,,,,,,,,WisDOT,2025-06-26 21:01:44.748614,50.0
31411,31411,,43.1137899549006,-88.24453079548574,Waukesha,,0,2025,Low,Local,,,,,,,,,WisDOT,2025-06-26 21:01:44.748623,50.0
31412,31412,,43.12479477578282,-88.22706289509371,Waukesha,,0,2025,Low,Local,,,,,,,,,WisDOT,2025-06-26 21:01:44.748632,50.0
31413,31413,,43.123054083331496,-88.22452040637485,Waukesha,,0,2025,Low,Local,,,,,,,,,WisDOT,2025-06-26 21:01:44.748641,50.0
31414,31414,,43.11839981178757,-88.21007222801418,Waukesha,,0,2025,Low,Local,,,,,,,,,WisDOT,2025-06-26 21:01:44.748652,50.0
31415,31415,,43.11196996281361,-88.20711166228246,Waukesha,,0,2025,Low,Local,,,,,,,,,WisDOT,2025-06-26 21:01:44.748660,50.0
31416,31416,,43.11001902977092,-88.2032932961703,Waukesha,,0,2025,Low,Local,,,,,,,,,WisDOT,2025-06-26 21:01:44.748669,50.0
31417,31417,,43.075517317416974,-88.20197833338649,Waukesha,,0,2025,Low,Local,,,,,,,,,WisDOT,2025-06-26 21:01:44.748681,50.0
31418,31418,,43.08098379138533,-88.19286358462487,Waukesha,,0,2025,Low,Local,,,,,,,,,WisDOT,2025-06-26 21:01:44.748690,50.0
31419,31419,,43.05149648073122,-88.20688865767133,Waukesha,,0,2025,Low,Local,,,,,,,,,WisDOT,2025-06-26 21:01:44.748699,50.0
31420,31420,,43.052121251857756,-88.21502806581239,Waukesha,,0,2025,Low,Local,,,,,,,,,WisDOT,2025-06-26 21:01:44.748707,50.0
31421,31421,,43.181129431813964,-88.08362288809437,Waukesha,,0,2025,Low,Local,,,,,,,,,WisDOT,2025-06-26 21:01:44.748716,50.0
31422,31422,,43.19190952443305,-88.11385408634804,Waukesha,,0,2025,Low,Local,,,,,,,,,WisDOT,2025-06-26 21:01:44.748724,50.0
31423,31423,,43.183268181416864,-88.14306098551792,Waukesha,,0,2025,Low,Local,,,,,,,,,WisDOT,2025-06-26 21:01:44.748732,50.0
31424,31424,,43.164897893401076,-88.18335864530803,Waukesha,,0,2025,Low,Local,,,,,,,,,WisDOT,2025-06-26 21:01:44.748741,50.0
31425,31425,,43.17715569938294,-88.1868236555705,Waukesha,,0,2025,Low,Local,,,,,,,,,WisDOT,2025-06-26 21:01:44.748753,50.0
31426,31426,,43.17714906462334,-88.20758978722618,Waukesha,,0,2025,Low,Local,,,,,,,,,WisDOT,2025-06-26 21:01:44.748806,50.0
31427,31427,,43.18856994797849,-88.20234286755424,Waukesha,,0,2025,Low,Local,,,,,,,,,WisDOT,2025-06-26 21:01:44.748816,50.0
31428,31428,,43.17423918753889,-88.2127604596456,Waukesha,,0,2025,Low,Local,,,,,,,,,WisDOT,2025-06-26 21:01:44.748824,50.0
31429,31429,,43.14826481699308,-88.21820920155652,Waukesha,,0,2025,Low,Local,,,,,,,,,WisDOT,2025-06-26 21:01:44.748833,50.0
31430,31430,,43.1494929070519,-88.22366320737116,Waukesha,,0,2025,Low,Local,,,,,,,,,WisDOT,2025-06-26 21:01:44.748842,50.0
31431,31431,,43.07579961906647,-88.25023451398935,Waukesha,,0,2025,Low,Local,,,,,,,,,WisDOT,2025-06-26 21:01:44.748851,50.0
31432,31432,,43.041702292743345,-88.08154754749185,Waukesha,,0,2025,Low,Local,,,,,,,,,WisDOT,2025-06-26 21:01:44.748860,50.0
31433,31433,,43.05031423057401,-88.29135708653187,Waukesha,,0,2025,Low,Local,,,,,,,,,WisDOT,2025-06-26 21:01:44.748874,50.0
31434,31434,,43.05435336399919,-88.28469921871537,Waukesha,,0,2025,Low,Local,,,,,,,,,WisDOT,2025-06-26 21:01:44.748883,50.0
31435,31435,,43.10509464923746,-88.35009265323814,Waukesha,,0,2025,Low,Local,,,,,,,,,WisDOT,2025-06-26 21:01:44.748892,50.0
31436,31436,,43.110128353759094,-88.34356958927326,Waukesha,,0,2025,Low,Local,,,,,,,,,WisDOT,2025-06-26 21:01:44.748903,50.0
31437,31437,,43.104373573522096,-88.3476968841326,Waukesha,,0,2025,Low,Local,,,,,,,,,WisDOT,2025-06-26 21:01:44.748911,50.0
31438,31438,,43.65572498706205,-88.27011011836238,Fond Du Lac,,0,2025,Low,Local,,,,,,,,,WisDOT,2025-06-26 21:01:44.748920,50.0
31439,31439,,43.91852730712725,-88.31058780246804,Fond Du Lac,,0,2025,Low,Local,,,,,,,,,WisDOT,2025-06-26 21:01:44.748929,50.0
31440,31440,,44.561069176698965,-87.90605716412004,Brown,,0,2025,Low,Local,,,,,,,,,WisDOT,2025-06-26 21:01:44.748938,50.0
31441,31441,,44.57068676397524,-87.89874606081328,Brown,,0,2025,Low,Local,,,,,,,,,WisDOT,2025-06-26 21:01:44.748949,50.0
31442,31442,,43.09755932951377,-87.94744607065829,Milwaukee,,0,2025,Low,Local,,,,,,,,,WisDOT,2025-06-26 21:01:44.748958,50.0
31443,31443,,43.10450330987195,-87.94750706154879,Milwaukee,,0,2025,Low,Local,,,,,,,,,WisDOT,2025-06-26 21:01:44.748969,50.0
31444,31444,,43.02465890869257,-88.17007978233787,Waukesha,,0,2025,Low,Local,,,,,,,,,WisDOT,2025-06-26 21:01:44.748978,50.0
31445,31445,,43.64049554487106,-88.72601737922128,Fond Du Lac,,0,2025,Low,Local,,,,,,,,,WisDOT,2025-06-26 21:01:44.748987,50.0
31446,31446,,44.528134720109904,-87.96135031661477,Brown,,0,2025,Low,Local,,,,,,,,,WisDOT,2025-06-26 21:01:44.748996,50.0
31447,31447,,45.11109308945308,-92.55826766095919,Saint Croix,,0,2025,Low,Local,,,,,,,,,WisDOT,2025-06-26 21:01:44.749005,50.0
31448,31448,,43.46970124673575,-89.75307187826316,Sauk,,0,2025,Low,Local,,,,,,,,,WisDOT,2025-06-26 21:01:44.749016,50.0
31449,31449,,44.45352625233811,-88.9124657124203,Waupaca,,0,2025,Low,Local,,,,,,,,,WisDOT,2025-06-26 21:01:44.749025,50.0
31450,31450,,43.060329604293436,-87.92241222841295,Milwaukee,,0,2025,Low,Local,,,,,,,,,WisDOT,2025-06-26 21:01:44.749036,50.0
31451,31451,,42.639303071694556,-87.85074835722351,Kenosha,,0,2025,Low,Local,,,,,,,,,WisDOT,2025-06-26 21:01:44.749044,50.0
31453,31453,,44.527117555745704,-88.05618589423148,Brown,,0,2025,Low,Local,,,,,,,,,WisDOT,2025-06-26 21:01:44.749053,50.0
31455,31455,,42.77055244560692,-89.97442788672235,Lafayette,,0,2025,Low,Local,,,,,,,,,WisDOT,2025-06-26 21:01:44.749061,50.0
31456,31456,,45.75021334779332,-89.49836181481746,Oneida,,0,2025,Low,Local,,,,,,,,,WisDOT,2025-06-26 21:01:44.749083,50.0
31457,31457,,42.97597005801345,-88.25739472733805,Waukesha,,0,2025,Low,Local,,,,,,,,,WisDOT,2025-06-26 21:01:44.749092,50.0
31459,31459,,43.053401017035455,-88.40358566341182,Waukesha,,0,2025,Low,Local,,,,,,,,,WisDOT,2025-06-26 21:01:44.749103,50.0
31461,31461,,44.45085269216903,-88.09004408369928,Brown,,0,2025,Low,Local,,,,,,,,,WisDOT,2025-06-26 21:01:44.749112,50.0
31462,31462,,44.356543241328026,-87.77582935900516,Brown,,0,2025,Low,Local,,,,,,,,,WisDOT,2025-06-26 21:01:44.749121,50.0
31463,31463,,42.80683053960791,-89.63303565153267,Green,,0,2025,Low,Local,,,,,,,,,WisDOT,2025-06-26 21:01:44.749131,50.0
31464,31464,,43.00542159143641,-87.92731957780228,Milwaukee,,0,2025,Low,Local,,,,,,,,,WisDOT,2025-06-26 21:01:44.749153,50.0
31465,31465,,43.79582932350239,-89.8732495527053,Adams,,0,2025,Low,Local,,,,,,,,,WisDOT,2025-06-26 21:01:44.749165,50.0
31467,31467,,46.542247526394085,-91.1813652567016,Bayfield,,0,2025,Low,Local,,,,,,,,,WisDOT,2025-06-26 21:01:44.749173,50.0
31468,31468,,44.24189896167286,-88.1866090363357,Brown,,0,2025,Low,Local,,,,,,,,,WisDOT,2025-06-26 21:01:44.749182,50.0
31470,31470,,42.94501247614253,-87.98979690000245,Milwaukee,,0,2025,Low,Local,,,,,,,,,WisDOT,2025-06-26 21:01:44.749193,50.0
31471,31471,,43.089789958513606,-89.51944682580947,Dane,,0,2025,Low,Local,,,,,,,,,WisDOT,2025-06-26 21:01:44.749202,50.0
31472,31472,,42.551521171538056,-87.84554157945793,Kenosha,,0,2025,Low,Local,,,,,,,,,WisDOT,2025-06-26 21:01:44.749212,50.0
31473,31473,,42.566023630966846,-87.84472487735515,Kenosha,,0,2025,Low,Local,,,,,,,,,WisDOT,2025-06-26 21:01:44.749221,50.0
31474,31474,,43.04070993082353,-87.89936839291755,Milwaukee,,0,2025,Low,Local,,,,,,,,,WisDOT,2025-06-26 21:01:44.749229,50.0
31476,31476,,43.65385441161241,-90.22323719087917,Juneau,,0,2025,Low,Local,,,,,,,,,WisDOT,2025-06-26 21:01:44.749238,50.0
31478,31478,,43.13930563642494,-88.2481328012172,Waukesha,,0,2025,Low,Local,,,,,,,,,WisDOT,2025-06-26 21:01:44.749247,50.0
31479,31479,,43.14025593815164,-88.24363094184469,Waukesha,,0,2025,Low,Local,,,,,,,,,WisDOT,2025-06-26 21:01:44.749256,50.0
31480,31480,,43.111954027696235,-88.20183743913957,Waukesha,,0,2025,Low,Local,,,,,,,,,WisDOT,2025-06-26 21:01:44.749267,50.0
31481,31481,,43.12359550199367,-88.19191176624132,Waukesha,,0,2025,Low,Local,,,,,,,,,WisDOT,2025-06-26 21:01:44.749279,50.0
31482,31482,,43.069089185147995,-87.98605140166126,Milwaukee,,0,2025,Low,Local,,,,,,,,,WisDOT,2025-06-26 21:01:44.749288,50.0
31483,31483,,43.06901472010875,-87.98744579906776,Milwaukee,,0,2025,Low,Local,,,,,,,,,WisDOT,2025-06-26 21:01:44.749296,50.0
31484,31484,,43.066060538163256,-87.98360426801928,Milwaukee,,0,2025,Low,Local,,,,,,,,,WisDOT,2025-06-26 21:01:44.749304,50.0
31485,31485,,43.07530615063898,-87.98136502585197,Milwaukee,,0,2025,Low,Local,,,,,,,,,WisDOT,2025-06-26 21:01:44.749313,50.0
31486,31486,,43.07631127700038,-87.98729736598763,Milwaukee,,0,2025,Low,Local,,,,,,,,,WisDOT,2025-06-26 21:01:44.749321,50.0
31487,31487,,43.08989416711432,-87.98761087549872,Milwaukee,,0,2025,Low,Local,,,,,,,,,WisDOT,2025-06-26 21:01:44.749333,50.0
31488,31488,,43.09075416726285,-87.9869011280472,Milwaukee,,0,2025,Low,Local,,,,,,,,,WisDOT,2025-06-26 21:01:44.749342,50.0
31489,31489,,43.090619379157324,-87.9970509425088,Milwaukee,,0,2025,Low,Local,,,,,,,,,WisDOT,2025-06-26 21:01:44.749350,50.0
31490,31490,,43.08927820638904,-88.00346422038389,Milwaukee,,0,2025,Low,Local,,,,,,,,,WisDOT,2025-06-26 21:01:44.749358,50.0
31491,31491,,43.089851571976986,-88.00802607223248,Milwaukee,,0,2025,Low,Local,,,,,,,,,WisDOT,2025-06-26 21:01:44.749367,50.0
31492,31492,,43.090402277799946,-88.0071045438324,Milwaukee,,0,2025,Low,Local,,,,,,,,,WisDOT,2025-06-26 21:01:44.749375,50.0
31493,31493,,43.09713328285125,-88.0078762083503,Milwaukee,,0,2025,Low,Local,,,,,,,,,WisDOT,2025-06-26 21:01:44.749384,50.0
31494,31494,,43.09713715581092,-87.99613993822372,Milwaukee,,0,2025,Low,Local,,,,,,,,,WisDOT,2025-06-26 21:01:44.749392,50.0
31495,31495,,43.098691040416874,-87.98677135007095,Milwaukee,,0,2025,Low,Local,,,,,,,,,WisDOT,2025-06-26 21:01:44.749403,50.0
31496,31496,,43.09929562673367,-87.9880892668438,Milwaukee,,0,2025,Low,Local,,,,,,,,,WisDOT,2025-06-26 21:01:44.749414,50.0
31497,31497,,43.105225215295555,-87.98637794599003,Milwaukee,,0,2025,Low,Local,,,,,,,,,WisDOT,2025-06-26 21:01:44.749423,50.0
31498,31498,,43.10472472936952,-87.9874101946563,Milwaukee,,0,2025,Low,Local,,,,,,,,,WisDOT,2025-06-26 21:01:44.749431,50.0
31499,31499,,43.10462903348708,-87.99663566309805,Milwaukee,,0,2025,Low,Local,,,,,,,,,WisDOT,2025-06-26 21:01:44.749441,50.0
31500,31500,,43.104889297740286,-87.99763276761806,Milwaukee,,0,2025,Low,Local,,,,,,,,,WisDOT,2025-06-26 21:01:44.749450,50.0
31501,31501,,43.10656946695276,-87.99618891012092,Milwaukee,,0,2025,Low,Local,,,,,,,,,WisDOT,2025-06-26 21:01:44.749459,50.0
31502,31502,,43.10454658103248,-88.00647528277716,Milwaukee,,0,2025,Low,Local,,,,,,,,,WisDOT,2025-06-26 21:01:44.749467,50.0
31503,31503,,43.105604265495046,-88.00616042046858,Milwaukee,,0,2025,Low,Local,,,,,,,,,WisDOT,2025-06-26 21:01:44.749477,50.0
31504,31504,,43.11034402942672,-88.00677459351797,Milwaukee,,0,2025,Low,Local,,,,,,,,,WisDOT,2025-06-26 21:01:44.749486,50.0
31505,31505,,44.81366768003212,-91.4998596765875,Eau Claire,,0,2025,Low,Local,,,,,,,,,WisDOT,2025-06-26 21:01:44.749497,50.0
31506,31506,,44.81351030836989,-91.49855528036527,Eau Claire,,0,2025,Low,Local,,,,,,,,,WisDOT,2025-06-26 21:01:44.749505,50.0
31507,31507,,44.34315590767954,-89.92590562812565,Wood,,0,2025,Low,Local,,,,,,,,,WisDOT,2025-06-26 21:01:44.749514,50.0
31508,31508,,44.33539923744506,-89.90153460680067,Wood,,0,2025,Low,Local,,,,,,,,,WisDOT,2025-06-26 21:01:44.749523,50.0
31509,31509,,44.307199866430715,-89.8219794672858,Wood,,0,2025,Low,Local,,,,,,,,,WisDOT,2025-06-26 21:01:44.749531,50.0
31510,31510,,44.31265201513392,-89.810176798065,Wood,,0,2025,Low,Local,,,,,,,,,WisDOT,2025-06-26 21:01:44.749540,50.0
31511,31511,,44.31274149168629,-89.84418255756636,Wood,,0,2025,Low,Local,,,,,,,,,WisDOT,2025-06-26 21:01:44.749550,50.0
31512,31512,,44.32172729725157,-89.82361676536406,Wood,,0,2025,Low,Local,,,,,,,,,WisDOT,2025-06-26 21:01:44.749559,50.0
31513,31513,,44.32146309245902,-89.80298098123947,Wood,,0,2025,Low,Local,,,,,,,,,WisDOT,2025-06-26 21:01:44.749567,50.0
31514,31514,,44.34764732499884,-89.98671600157464,Wood,,0,2025,Low,Local,,,,,,,,,WisDOT,2025-06-26 21:01:44.749576,50.0
31515,31515,,44.31958741737751,-89.9297484486067,Wood,,0,2025,Low,Local,,,,,,,,,WisDOT,2025-06-26 21:01:44.749584,50.0
31516,31516,,44.32193111892419,-89.92146707221022,Wood,,0,2025,Low,Local,,,,,,,,,WisDOT,2025-06-26 21:01:44.749593,50.0
31517,31517,,44.3169291617896,-89.90421033044049,Wood,,0,2025,Low,Local,,,,,,,,,WisDOT,2025-06-26 21:01:44.749601,50.0
31518,31518,,44.31340132046642,-89.90413217038677,Wood,,0,2025,Low,Local,,,,,,,,,WisDOT,2025-06-26 21:01:44.749612,50.0
31519,31519,,44.31466383164368,-89.89757838449371,Wood,,0,2025,Low,Local,,,,,,,,,WisDOT,2025-06-26 21:01:44.749620,50.0
31520,31520,,44.31262224002722,-89.9008882386,Wood,,0,2025,Low,Local,,,,,,,,,WisDOT,2025-06-26 21:01:44.749631,50.0
31521,31521,,44.31537272001897,-89.90001656784155,Wood,,0,2025,Low,Local,,,,,,,,,WisDOT,2025-06-26 21:01:44.749639,50.0
31522,31522,,44.315469023815204,-89.89024657467878,Wood,,0,2025,Low,Local,,,,,,,,,WisDOT,2025-06-26 21:01:44.749650,50.0
31523,31523,,44.320545477283346,-89.88815948055273,Wood,,0,2025,Low,Local,,,,,,,,,WisDOT,2025-06-26 21:01:44.749661,50.0
31524,31524,,44.30107906706621,-89.89532698357448,Wood,,0,2025,Low,Local,,,,,,,,,WisDOT,2025-06-26 21:01:44.749669,50.0
31525,31525,,44.35127851419052,-89.84130103869812,Wood,,0,2025,Low,Local,,,,,,,,,WisDOT,2025-06-26 21:01:44.749677,50.0
31527,31527,,44.35144991553735,-89.81949290605993,Wood,,0,2025,Low,Local,,,,,,,,,WisDOT,2025-06-26 21:01:44.749688,50.0
31528,31528,,44.36222635068847,-89.81605678459542,Wood,,0,2025,Low,Local,,,,,,,,,WisDOT,2025-06-26 21:01:44.749697,50.0
31529,31529,,44.36110091725237,-89.82708594511473,Wood,,0,2025,Low,Local,,,,,,,,,WisDOT,2025-06-26 21:01:44.749705,50.0
31530,31530,,44.36331658858157,-89.81688639631814,Wood,,0,2025,Low,Local,,,,,,,,,WisDOT,2025-06-26 21:01:44.749716,50.0
31531,31531,,44.365826075188124,-89.81614122814891,Wood,,0,2025,Low,Local,,,,,,,,,WisDOT,2025-06-26 21:01:44.749724,50.0
31532,31532,,44.36943868897904,-89.82503731761001,Wood,,0,2025,Low,Local,,,,,,,,,WisDOT,2025-06-26 21:01:44.749733,50.0
31533,31533,,44.36805001799925,-89.8220728348996,Wood,,0,2025,Low,Local,,,,,,,,,WisDOT,2025-06-26 21:01:44.749741,50.0
31534,31534,,44.366975920705265,-89.81692454578693,Wood,,0,2025,Low,Local,,,,,,,,,WisDOT,2025-06-26 21:01:44.749750,50.0
31535,31535,,44.525682981235356,-88.08279844611346,Brown,,0,2025,Low,Local,,,,,,,,,WisDOT,2025-06-26 21:01:44.749762,50.0
31536,31536,,44.52312387855599,-88.08285196689793,Brown,,0,2025,Low,Local,,,,,,,,,WisDOT,2025-06-26 21:01:44.749770,50.0
31537,31537,,42.822239079353956,-88.36064182682716,Walworth,,0,2025,Low,Local,,,,,,,,,WisDOT,2025-06-26 21:01:44.749779,50.0
31538,31538,,42.8134220082911,-88.37285610869449,Walworth,,0,2025,Low,Local,,,,,,,,,WisDOT,2025-06-26 21:01:44.749787,50.0
31539,31539,,44.495315302174355,-87.9871644653235,Brown,,0,2025,Low,Local,,,,,,,,,WisDOT,2025-06-26 21:01:44.749796,50.0
31540,31540,,42.69761878754359,-87.87396245971212,Racine,,0,2025,Low,Local,,,,,,,,,WisDOT,2025-06-26 21:01:44.749805,50.0
31541,31541,,44.94549515530803,-91.35390336086368,Chippewa,,0,2025,Low,Local,,,,,,,,,WisDOT,2025-06-26 21:01:44.749813,50.0
31542,31542,,42.52958074132064,-90.57390214985038,Grant,,0,2025,Low,Local,,,,,,,,,WisDOT,2025-06-26 21:01:44.749824,50.0
31543,31543,,44.878263503980186,-91.9297591079904,Dunn,,0,2025,Low,Local,,,,,,,,,WisDOT,2025-06-26 21:01:44.749835,50.0
31544,31544,,44.90200344699605,-91.9357937909128,Dunn,,0,2025,Low,Local,,,,,,,,,WisDOT,2025-06-26 21:01:44.749843,50.0
31545,31545,,43.84628504747925,-88.83765248634757,Fond Du Lac,,0,2025,Low,Local,,,,,,,,,WisDOT,2025-06-26 21:01:44.749852,50.0
31546,31546,,43.14893730723258,-88.05485428455313,Milwaukee,,0,2025,Low,Local,,,,,,,,,WisDOT,2025-06-26 21:01:44.749861,50.0
31548,31548,,42.97260814124288,-87.88118781786699,Milwaukee,,0,2025,Low,Local,,,,,,,,,WisDOT,2025-06-26 21:01:44.749871,50.0
31549,31549,,43.17833687046804,-87.91745681359268,Milwaukee,,0,2025,Low,Local,,,,,,,,,WisDOT,2025-06-26 21:01:44.749880,50.0
31550,31550,,43.19134226058609,-87.92477563336229,Milwaukee,,0,2025,Low,Local,,,,,,,,,WisDOT,2025-06-26 21:01:44.749888,50.0
31551,31551,,42.93167739914898,-88.83892556693993,Jefferson,,0,2025,Low,Local,,,,,,,,,WisDOT,2025-06-26 21:01:44.749899,50.0
31552,31552,,42.63300896808565,-88.65222347535456,Walworth,,0,2025,Low,Local,,,,,,,,,WisDOT,2025-06-26 21:01:44.749907,50.0
31553,31553,,44.91584930060103,-87.25933705931536,Door,,0,2025,Low,Local,,,,,,,,,WisDOT,2025-06-26 21:01:44.749915,50.0
31554,31554,,45.02709568376644,-87.28964592307643,Door,,0,2025,Low,Local,,,,,,,,,WisDOT,2025-06-26 21:01:44.749924,50.0
31555,31555,,43.14872097033386,-88.50241510633089,Waukesha,,0,2025,Low,Local,,,,,,,,,WisDOT,2025-06-26 21:01:44.749932,50.0
31556,31556,,43.475204508383385,-89.77594167050621,Sauk,,0,2025,Low,Local,,,,,,,,,WisDOT,2025-06-26 21:01:44.749941,50.0
31557,31557,,43.475217658311614,-89.77401713299611,Sauk,,0,2025,Low,Local,,,,,,,,,WisDOT,2025-06-26 21:01:44.749950,50.0
31558,31558,,43.47356493008549,-89.77438413513423,Sauk,,0,2025,Low,Local,,,,,,,,,WisDOT,2025-06-26 21:01:44.749959,50.0
31559,31559,,43.473833943689435,-89.77597790402886,Sauk,,0,2025,Low,Local,,,,,,,,,WisDOT,2025-06-26 21:01:44.749969,50.0
31560,31560,,43.46174791285989,-89.77865273919144,Sauk,,0,2025,Low,Local,,,,,,,,,WisDOT,2025-06-26 21:01:44.749978,50.0
31561,31561,,43.46098129026636,-89.77717532924436,Sauk,,0,2025,Low,Local,,,,,,,,,WisDOT,2025-06-26 21:01:44.749989,50.0
31562,31562,,43.45846494882614,-89.7772779508909,Sauk,,0,2025,Low,Local,,,,,,,,,WisDOT,2025-06-26 21:01:44.749997,50.0
31563,31563,,43.45886393665725,-89.7788600553082,Sauk,,0,2025,Low,Local,,,,,,,,,WisDOT,2025-06-26 21:01:44.750008,50.0
31564,31564,,46.38225876043698,-91.81997473840121,Douglas,,0,2025,Low,Local,,,,,,,,,WisDOT,2025-06-26 21:01:44.750017,50.0
31565,31565,,46.380667981269184,-91.82124735923846,Douglas,,0,2025,Low,Local,,,,,,,,,WisDOT,2025-06-26 21:01:44.750026,50.0
31566,31566,,44.52170050479143,-89.52408260954482,Portage,,0,2025,Low,Local,,,,,,,,,WisDOT,2025-06-26 21:01:44.750034,50.0
31570,31570,,44.07561362924563,-89.25970594633165,Waushara,,0,2025,Low,Local,,,,,,,,,WisDOT,2025-06-26 21:01:44.750045,50.0
31571,31571,,44.07562636289556,-89.2556896524786,Waushara,,0,2025,Low,Local,,,,,,,,,WisDOT,2025-06-26 21:01:44.750053,50.0
31572,31572,,43.056482142162366,-87.981931575561,Milwaukee,,0,2025,Low,Local,,,,,,,,,WisDOT,2025-06-26 21:01:44.750062,50.0
31573,31573,,43.108455494638655,-89.33939466599253,Dane,,0,2025,Low,Local,,,,,,,,,WisDOT,2025-06-26 21:01:44.750070,50.0
31574,31574,,43.10853367715844,-89.33842246288899,Dane,,0,2025,Low,Local,,,,,,,,,WisDOT,2025-06-26 21:01:44.750079,50.0
31575,31575,,43.1066917061379,-89.33829548513387,Dane,,0,2025,Low,Local,,,,,,,,,WisDOT,2025-06-26 21:01:44.750089,50.0
31577,31577,,43.56001903745967,-89.77963727473308,Sauk,,0,2025,Low,Local,,,,,,,,,WisDOT,2025-06-26 21:01:44.750098,50.0
31578,31578,,44.98224158751967,-92.74828100220738,Saint Croix,,0,2025,Low,Local,,,,,,,,,WisDOT,2025-06-26 21:01:44.750107,50.0
31579,31579,,44.62362657009045,-89.28458430300863,Portage,,0,2025,Low,Local,,,,,,,,,WisDOT,2025-06-26 21:01:44.750117,50.0
31580,31580,,44.52546721437165,-89.44621219084256,Portage,,0,2025,Low,Local,,,,,,,,,WisDOT,2025-06-26 21:01:44.750127,50.0
31581,31581,,43.09616466202647,-91.14603887771472,Crawford,,0,2025,Low,Local,,,,,,,,,WisDOT,2025-06-26 21:01:44.750152,50.0
31582,31582,,43.207467309639405,-88.72880473994172,Dodge,,0,2025,Low,Local,,,,,,,,,WisDOT,2025-06-26 21:01:44.750175,50.0
31583,31583,,43.458006429528254,-89.4165393139273,Columbia,,0,2025,Low,Local,,,,,,,,,WisDOT,2025-06-26 21:01:44.750190,50.0
31584,31584,,44.38206554798335,-89.84459270217705,Wood,,0,2025,Low,Local,,,,,,,,,WisDOT,2025-06-26 21:01:44.750199,50.0
31585,31585,,42.63108485615952,-88.63798810473469,Walworth,,0,2025,Low,Local,,,,,,,,,WisDOT,2025-06-26 21:01:44.750208,50.0
31586,31586,,43.9628565022373,-90.37644218685682,Monroe,,0,2025,Low,Local,,,,,,,,,WisDOT,2025-06-26 21:01:44.750219,50.0
31587,31587,,44.12364264581909,-90.54057204649881,Monroe,,0,2025,Low,Local,,,,,,,,,WisDOT,2025-06-26 21:01:44.750227,50.0
31588,31588,,43.56845492746724,-91.03340176652789,Vernon,,0,2025,Low,Local,,,,,,,,,WisDOT,2025-06-26 21:01:44.750236,50.0
31589,31589,,42.6071883104896,-88.42093241089177,Walworth,,0,2025,Low,Local,,,,,,,,,WisDOT,2025-06-26 21:01:44.750245,50.0
31590,31590,,43.40074734519579,-88.74037832370715,Dodge,,0,2025,Low,Local,,,,,,,,,WisDOT,2025-06-26 21:01:44.750253,50.0
31591,31591,,43.41026516359834,-88.70380596622853,Dodge,,0,2025,Low,Local,,,,,,,,,WisDOT,2025-06-26 21:01:44.750262,50.0
31596,31596,,44.38031320047097,-89.85655050631622,Wood,,0,2025,Low,Local,,,,,,,,,WisDOT,2025-06-26 21:01:44.750273,50.0
31597,31597,,44.00061233277388,-90.54653061873313,Monroe,,0,2025,Low,Local,,,,,,,,,WisDOT,2025-06-26 21:01:44.750281,50.0
31598,31598,,42.674446732948596,-88.52453961406529,Walworth,,0,2025,Low,Local,,,,,,,,,WisDOT,2025-06-26 21:01:44.750292,50.0
31599,31599,,42.64782728579308,-88.35745390224368,Walworth,,0,2025,Low,Local,,,,,,,,,WisDOT,2025-06-26 21:01:44.750301,50.0
31600,31600,,43.9623689751806,-90.37922565203951,Monroe,,0,2025,Low,Local,,,,,,,,,WisDOT,2025-06-26 21:01:44.750309,50.0
31601,31601,,42.88567295143762,-90.11301365120876,Iowa,,0,2025,Low,Local,,,,,,,,,WisDOT,2025-06-26 21:01:44.750318,50.0
31602,31602,,42.70416449816766,-87.83863918487347,Racine,,0,2025,Low,Local,,,,,,,,,WisDOT,2025-06-26 21:01:44.750326,50.0
31603,31603,,43.62659966865187,-89.76458066007541,Columbia,,0,2025,Low,Local,,,,,,,,,WisDOT,2025-06-26 21:01:44.750335,50.0
31604,31604,,43.97887000926097,-90.48950856150931,Monroe,,0,2025,Low,Local,,,,,,,,,WisDOT,2025-06-26 21:01:44.750347,50.0
31606,31606,,43.040171720558796,-87.91393720426753,Milwaukee,,0,2025,Low,Local,,,,,,,,,WisDOT,2025-06-26 21:01:44.750358,50.0
31607,31607,,44.270924348363046,-89.52350898302875,Portage,,0,2025,Low,Local,,,,,,,,,WisDOT,2025-06-26 21:01:44.750369,50.0
31608,31608,,43.077195988422496,-88.91341538474671,Jefferson,,0,2025,Low,Local,,,,,,,,,WisDOT,2025-06-26 21:01:44.750380,50.0
31609,31609,,44.476410375242565,-88.07585951927288,Brown,,0,2025,Low,Local,,,,,,,,,WisDOT,2025-06-26 21:01:44.750389,50.0
31610,31610,,42.9619887700421,-88.12870838330902,Waukesha,,0,2025,Low,Local,,,,,,,,,WisDOT,2025-06-26 21:01:44.750397,50.0
31611,31611,,43.11910121015951,-87.90676091177734,Milwaukee,,0,2025,Low,Local,,,,,,,,,WisDOT,2025-06-26 21:01:44.750406,50.0
31612,31612,,44.17106235059736,-88.46421616682903,Winnebago,,0,2025,Low,Local,,,,,,,,,WisDOT,2025-06-26 21:01:44.750415,50.0
31613,31613,,42.90160606327631,-87.92934927473644,Milwaukee,,0,2025,Low,Local,,,,,,,,,WisDOT,2025-06-26 21:01:44.750423,50.0
31614,31614,,44.451830464541366,-89.52871549316394,Portage,,0,2025,Low,Local,,,,,,,,,WisDOT,2025-06-26 21:01:44.750432,50.0
31615,31615,,44.77299954367752,-88.61160777828898,Shawano,,0,2025,Low,Local,,,,,,,,,WisDOT,2025-06-26 21:01:44.750442,50.0
31616,31616,,43.149490268550345,-87.94539830442261,Milwaukee,,0,2025,Low,Local,,,,,,,,,WisDOT,2025-06-26 21:01:44.750451,50.0
31617,31617,,43.10343841009251,-87.94611921746957,Milwaukee,,0,2025,Low,Local,,,,,,,,,WisDOT,2025-06-26 21:01:44.750461,50.0
31618,31618,,45.165756790507025,-91.14155990952949,Chippewa,,0,2025,Low,Local,,,,,,,,,WisDOT,2025-06-26 21:01:44.750469,50.0
31619,31619,,43.05595454633989,-87.99750660383341,Milwaukee,,0,2025,Low,Local,,,,,,,,,WisDOT,2025-06-26 21:01:44.750478,50.0
31621,31621,,44.68066227557106,-90.16605188493112,Wood,,0,2025,Low,Local,,,,,,,,,WisDOT,2025-06-26 21:01:44.750486,50.0
31622,31622,,44.669861651142035,-90.19664131493045,Wood,,0,2025,Low,Local,,,,,,,,,WisDOT,2025-06-26 21:01:44.750495,50.0
31623,31623,,42.902343038749336,-91.09066398142912,Grant,,0,2025,Low,Local,,,,,,,,,WisDOT,2025-06-26 21:01:44.750506,50.0
31624,31624,,45.069210030303736,-87.13153379474394,Door,,0,2025,Low,Local,,,,,,,,,WisDOT,2025-06-26 21:01:44.750515,50.0
31625,31625,,44.80696735196087,-91.50864351422148,Eau Claire,,0,2025,Low,Local,,,,,,,,,WisDOT,2025-06-26 21:01:44.750525,50.0
31626,31626,,43.052563529110614,-88.00596434900487,Milwaukee,,0,2025,Low,Local,,,,,,,,,WisDOT,2025-06-26 21:01:44.750537,50.0
31628,31628,,42.97289805638928,-87.919367236637,Milwaukee,,0,2025,Low,Local,,,,,,,,,WisDOT,2025-06-26 21:01:44.750545,50.0
31629,31629,,44.95811522574286,-91.35304287261128,Chippewa,,0,2025,Low,Local,,,,,,,,,WisDOT,2025-06-26 21:01:44.750554,50.0
31631,31631,,44.85898024470329,-92.62571427079196,Pierce,,0,2025,Low,Local,,,,,,,,,WisDOT,2025-06-26 21:01:44.750563,50.0
31632,31632,,43.29304846721489,-89.735330379227,Sauk,,0,2025,Low,Local,,,,,,,,,WisDOT,2025-06-26 21:01:44.750572,50.0
31633,31633,,43.00652188146958,-87.90775829375586,Milwaukee,,0,2025,Low,Local,,,,,,,,,WisDOT,2025-06-26 21:01:44.750583,50.0
31634,31634,,44.17905476082007,-88.45991854516427,Winnebago,,0,2025,Low,Local,,,,,,,,,WisDOT,2025-06-26 21:01:44.750591,50.0
31635,31635,,42.90325199394119,-87.88171478745454,Milwaukee,,0,2025,Low,Local,,,,,,,,,WisDOT,2025-06-26 21:01:44.750600,50.0
31636,31636,,43.119493508559785,-87.9963875718095,Milwaukee,,0,2025,Low,Local,,,,,,,,,WisDOT,2025-06-26 21:01:44.750608,50.0
31637,31637,,43.013238137124176,-87.9254833187805,Milwaukee,,0,2025,Low,Local,,,,,,,,,WisDOT,2025-06-26 21:01:44.750616,50.0
31638,31638,,43.45585332879278,-88.2342515013566,Washington,,0,2025,Low,Local,,,,,,,,,WisDOT,2025-06-26 21:01:44.750625,50.0
31639,31639,,42.944096813145975,-87.87623745429967,Milwaukee,,0,2025,Low,Local,,,,,,,,,WisDOT,2025-06-26 21:01:44.750633,50.0
31640,31640,,44.75320091072503,-91.29590449670665,Eau Claire,,0,2025,Low,Local,,,,,,,,,WisDOT,2025-06-26 21:01:44.750642,50.0
31641,31641,,45.68633749664126,-92.68399959776484,Burnett,,0,2025,Low,Local,,,,,,,,,WisDOT,2025-06-26 21:01:44.750653,50.0
31642,31642,,44.4854863652913,-88.07025887384911,Brown,,0,2025,Low,Local,,,,,,,,,WisDOT,2025-06-26 21:01:44.750662,50.0
31643,31643,,42.73376594265453,-87.78834110522381,Racine,,0,2025,Low,Local,,,,,,,,,WisDOT,2025-06-26 21:01:44.750672,50.0
31644,31644,,43.17756425673235,-88.12589654117679,Waukesha,,0,2025,Low,Local,,,,,,,,,WisDOT,2025-06-26 21:01:44.750681,50.0
31645,31645,,43.19469156806114,-88.70591420011492,Jefferson,,0,2025,Low,Local,,,,,,,,,WisDOT,2025-06-26 21:01:44.750692,50.0
31646,31646,,43.13325280027989,-88.02546841748682,Milwaukee,,0,2025,Low,Local,,,,,,,,,WisDOT,2025-06-26 21:01:44.750700,50.0
31647,31647,,44.76155598239445,-88.60036473385297,Shawano,,0,2025,Low,Local,,,,,,,,,WisDOT,2025-06-26 21:01:44.750709,50.0
31648,31648,,43.21983371323988,-88.04344853658654,Ozaukee,,0,2025,Low,Local,,,,,,,,,WisDOT,2025-06-26 21:01:44.750717,50.0
31649,31649,,43.13202359316162,-90.70019340481089,Grant,,0,2025,Low,Local,,,,,,,,,WisDOT,2025-06-26 21:01:44.750728,50.0
31650,31650,,43.75256716971946,-89.69167377228685,Adams,,0,2025,Low,Local,,,,,,,,,WisDOT,2025-06-26 21:01:44.750737,50.0
31651,31651,,44.79250143676253,-91.55242491729032,Eau Claire,,0,2025,Low,Local,,,,,,,,,WisDOT,2025-06-26 21:01:44.750745,50.0
31652,31652,,42.744885726519726,-87.9346724124209,Racine,,0,2025,Low,Local,,,,,,,,,WisDOT,2025-06-26 21:01:44.750754,50.0
31654,31654,,44.18695781952636,-88.46266122103421,Winnebago,,0,2025,Low,Local,,,,,,,,,WisDOT,2025-06-26 21:01:44.750762,50.0
31655,31655,,44.02839908170257,-87.70371067780441,Manitowoc,,0,2025,Low,Local,,,,,,,,,WisDOT,2025-06-26 21:01:44.750771,50.0
31657,31657,,44.37092038924753,-87.55330929602785,Kewaunee,,0,2025,Low,Local,,,,,,,,,WisDOT,2025-06-26 21:01:44.750779,50.0
31658,31658,,43.113511476531905,-89.69381049895327,Dane,,0,2025,Low,Local,,,,,,,,,WisDOT,2025-06-26 21:01:44.750790,50.0
31659,31659,,45.74599264613671,-91.71441703148359,Washburn,,0,2025,Low,Local,,,,,,,,,WisDOT,2025-06-26 21:01:44.750798,50.0
31660,31660,,42.84958778453199,-88.31785701480467,Waukesha,,0,2025,Low,Local,,,,,,,,,WisDOT,2025-06-26 21:01:44.750807,50.0
31661,31661,,43.75760818456225,-87.77957666211888,Sheboygan,,0,2025,Low,Local,,,,,,,,,WisDOT,2025-06-26 21:01:44.750815,50.0
31663,31663,,43.03045259843358,-88.17760434297963,Waukesha,,0,2025,Low,Local,,,,,,,,,WisDOT,2025-06-26 21:01:44.750824,50.0
31665,31665,,45.22375570362887,-92.29822487216538,Polk,,0,2025,Low,Local,,,,,,,,,WisDOT,2025-06-26 21:01:44.750832,50.0
31666,31666,,43.075802851519825,-89.52261238966335,Dane,,0,2025,Low,Local,,,,,,,,,WisDOT,2025-06-26 21:01:44.750843,50.0
31668,31668,,43.32890087993999,-90.1355882648477,Sauk,,0,2025,Low,Local,,,,,,,,,WisDOT,2025-06-26 21:01:44.750855,50.0
31669,31669,,42.69975969014279,-89.00315571897963,Rock,,0,2025,Low,Local,,,,,,,,,WisDOT,2025-06-26 21:01:44.750868,50.0
31670,31670,,44.885640933341364,-89.60945069617597,Marathon,,0,2025,Low,Local,,,,,,,,,WisDOT,2025-06-26 21:01:44.750877,50.0
31671,31671,,43.342829352240166,-90.38696217579795,Richland,,0,2025,Low,Local,,,,,,,,,WisDOT,2025-06-26 21:01:44.750885,50.0
31673,31673,,44.80010294010958,-91.46959403681004,Eau Claire,,0,2025,Low,Local,,,,,,,,,WisDOT,2025-06-26 21:01:44.750896,50.0
31675,31675,,43.00285753697936,-88.1751436015211,Waukesha,,0,2025,Low,Local,,,,,,,,,WisDOT,2025-06-26 21:01:44.750904,50.0
31676,31676,,45.12080153633631,-90.26952084606008,Taylor,,0,2025,Low,Local,,,,,,,,,WisDOT,2025-06-26 21:01:44.750913,50.0
31677,31677,,42.945234893533545,-87.86002866931922,Milwaukee,,0,2025,Low,Local,,,,,,,,,WisDOT,2025-06-26 21:01:44.750921,50.0
31678,31678,,43.09583697035899,-88.3134571967696,Waukesha,,0,2025,Low,Local,,,,,,,,,WisDOT,2025-06-26 21:01:44.750930,50.0
31679,31679,,43.19189057718351,-88.1037060937016,Washington,,0,2025,Low,Local,,,,,,,,,WisDOT,2025-06-26 21:01:44.750940,50.0
31680,31680,,42.95116312182542,-89.37768531945065,Dane,,0,2025,Low,Local,,,,,,,,,WisDOT,2025-06-26 21:01:44.750949,50.0
31681,31681,,43.0446264728292,-87.91028544192969,Milwaukee,,0,2025,Low,Local,,,,,,,,,WisDOT,2025-06-26 21:01:44.750957,50.0
31684,31684,,42.68199196296244,-89.0253258500334,Rock,,0,2025,Low,Local,,,,,,,,,WisDOT,2025-06-26 21:01:44.750966,50.0
31685,31685,,42.7005249222406,-88.99193388061164,Rock,,0,2025,Low,Local,,,,,,,,,WisDOT,2025-06-26 21:01:44.750975,50.0
31686,31686,,44.48611982788895,-87.93993203130776,Brown,,0,2025,Low,Local,,,,,,,,,WisDOT,2025-06-26 21:01:44.750984,50.0
31687,31687,,44.51126595447869,-87.96775904633165,Brown,,0,2025,Low,Local,,,,,,,,,WisDOT,2025-06-26 21:01:44.750994,50.0
31688,31688,,44.63417011631643,-88.76138241577846,Waupaca,,0,2025,Low,Local,,,,,,,,,WisDOT,2025-06-26 21:01:44.751003,50.0
31689,31689,,44.26107603247538,-88.47596334521629,Outagamie,,0,2025,Low,Local,,,,,,,,,WisDOT,2025-06-26 21:01:44.751014,50.0
31690,31690,,43.042448286676915,-87.96164058193213,Milwaukee,,0,2025,Low,Local,,,,,,,,,WisDOT,2025-06-26 21:01:44.751024,50.0
31691,31691,,44.215331539406385,-89.52563206924593,Waushara,,0,2025,Low,Local,,,,,,,,,WisDOT,2025-06-26 21:01:44.751071,50.0
31692,31692,,44.88032100734111,-92.74387544555074,Saint Croix,,0,2025,Low,Local,,,,,,,,,WisDOT,2025-06-26 21:01:44.751080,50.0
31694,31694,,43.67882079278798,-88.54958849011899,Fond Du Lac,,0,2025,Low,Local,,,,,,,,,WisDOT,2025-06-26 21:01:44.751089,50.0
31696,31696,,44.378656778089514,-89.81212072501332,Wood,,0,2025,Low,Local,,,,,,,,,WisDOT,2025-06-26 21:01:44.751098,50.0
31697,31697,,44.511139084281986,-88.05827930325711,Brown,,0,2025,Low,Local,,,,,,,,,WisDOT,2025-06-26 21:01:44.751106,50.0
31698,31698,,44.9477704425967,-92.43582140416011,Saint Croix,,0,2025,Low,Local,,,,,,,,,WisDOT,2025-06-26 21:01:44.751118,50.0
31699,31699,,42.55006294992077,-87.84441334445157,Kenosha,,0,2025,Low,Local,,,,,,,,,WisDOT,2025-06-26 21:01:44.751127,50.0
31700,31700,,45.619213236187505,-88.11136676872486,Marinette,,0,2025,Low,Local,,,,,,,,,WisDOT,2025-06-26 21:01:44.751150,50.0
31701,31701,,43.064317738955104,-87.88305015771095,Milwaukee,,0,2025,Low,Local,,,,,,,,,WisDOT,2025-06-26 21:01:44.751160,50.0
31702,31702,,44.5238130077321,-88.43674425940137,Outagamie,,0,2025,Low,Local,,,,,,,,,WisDOT,2025-06-26 21:01:44.751169,50.0
31703,31703,,44.652289211065245,-91.41434797898134,Eau Claire,,0,2025,Low,Local,,,,,,,,,WisDOT,2025-06-26 21:01:44.751177,50.0
31704,31704,,43.13209483903592,-88.30759886037062,Waukesha,,0,2025,Low,Local,,,,,,,,,WisDOT,2025-06-26 21:01:44.751186,50.0
31705,31705,,44.904967876116665,-92.25667002890853,Saint Croix,,0,2025,Low,Local,,,,,,,,,WisDOT,2025-06-26 21:01:44.751195,50.0
31706,31706,,43.76149183403938,-87.96679732106873,Sheboygan,,0,2025,Low,Local,,,,,,,,,WisDOT,2025-06-26 21:01:44.751207,50.0
31707,31707,,43.77434550998797,-88.02407392787329,Sheboygan,,0,2025,Low,Local,,,,,,,,,WisDOT,2025-06-26 21:01:44.751215,50.0
31708,31708,,43.10246893131494,-89.28327857057003,Dane,,0,2025,Low,Local,,,,,,,,,WisDOT,2025-06-26 21:01:44.751225,50.0
31709,31709,,42.988246759670936,-88.2416980940291,Waukesha,,0,2025,Low,Local,,,,,,,,,WisDOT,2025-06-26 21:01:44.751235,50.0
31710,31710,,44.83369283001629,-87.36423839933211,Door,,0,2025,Low,Local,,,,,,,,,WisDOT,2025-06-26 21:01:44.751248,50.0
31711,31711,,43.78539998714111,-88.47303240764052,Fond Du Lac,,0,2025,Low,Local,,,,,,,,,WisDOT,2025-06-26 21:01:44.751257,50.0
31712,31712,,44.409863572911895,-89.78692299451025,Wood,,0,2025,Low,Local,,,,,,,,,WisDOT,2025-06-26 21:01:44.751266,50.0
31713,31713,,45.146142909431525,-89.15529437841496,Langlade,,0,2025,Low,Local,,,,,,,,,WisDOT,2025-06-26 21:01:44.751274,50.0
31714,31714,,42.799835426075106,-87.90419381490422,Racine,,0,2025,Low,Local,,,,,,,,,WisDOT,2025-06-26 21:01:44.751285,50.0
31715,31715,,43.03940934421,-87.90280887405083,Milwaukee,,0,2025,Low,Local,,,,,,,,,WisDOT,2025-06-26 21:01:44.751294,50.0
31716,31716,,44.84376919889256,-87.37135339495647,Door,,0,2025,Low,Local,,,,,,,,,WisDOT,2025-06-26 21:01:44.751302,50.0
31717,31717,,43.58745149869488,-89.81080463188303,Sauk,,0,2025,Low,Local,,,,,,,,,WisDOT,2025-06-26 21:01:44.751311,50.0
31718,31718,,44.37307870051413,-89.82122024352726,Wood,,0,2025,Low,Local,,,,,,,,,WisDOT,2025-06-26 21:01:44.751319,50.0
31719,31719,,43.081713288229956,-88.91208262094077,Jefferson,,0,2025,Low,Local,,,,,,,,,WisDOT,2025-06-26 21:01:44.751330,50.0
31720,31720,,43.26084783360451,-90.10780213966241,Sauk,,0,2025,Low,Local,,,,,,,,,WisDOT,2025-06-26 21:01:44.751338,50.0
31721,31721,,43.68665345474247,-90.33555603956283,Vernon,,0,2025,Low,Local,,,,,,,,,WisDOT,2025-06-26 21:01:44.751347,50.0
31722,31722,,44.959169379734156,-90.8012494126857,Clark,,0,2025,Low,Local,,,,,,,,,WisDOT,2025-06-26 21:01:44.751358,50.0
31724,31724,,46.00749314752149,-89.64674047388702,Vilas,,0,2025,Low,Local,,,,,,,,,WisDOT,2025-06-26 21:01:44.751367,50.0
31725,31725,,42.68368995054619,-89.02893322320804,Rock,,0,2025,Low,Local,,,,,,,,,WisDOT,2025-06-26 21:01:44.751378,50.0
31726,31726,,42.63465695593634,-88.9683994968339,Rock,,0,2025,Low,Local,,,,,,,,,WisDOT,2025-06-26 21:01:44.751391,50.0
31728,31728,,43.8505517412611,-89.12700370119573,Green Lake,,0,2025,Low,Local,,,,,,,,,WisDOT,2025-06-26 21:01:44.751399,50.0
31729,31729,,42.90124210297654,-89.6284226709267,Dane,,0,2025,Low,Local,,,,,,,,,WisDOT,2025-06-26 21:01:44.751408,50.0
31730,31730,,44.819456789699984,-91.54108278971437,Eau Claire,,0,2025,Low,Local,,,,,,,,,WisDOT,2025-06-26 21:01:44.751419,50.0
31731,31731,,43.99829915990848,-90.56750383069387,Monroe,,0,2025,Low,Local,,,,,,,,,WisDOT,2025-06-26 21:01:44.751429,50.0
